{
  "groups": [
    {
      "id": "group-lettuce-a",
      "name": "Lettuce Block A",
      "location": "North Greenhouse",
      "plan": "lettuce-veg",
      "schedule": "schedule-16h",
      "lights": [
        { "id": "light-001", "rack": "R1", "level": "L2", "position": "A" },
        { "id": "light-002", "rack": "R1", "level": "L2", "position": "B" },
        { "id": "light-003", "rack": "R1", "level": "L3", "position": "A" }
      ]
    },
    {
      "id": "group-herbs-main",
      "name": "Herbs Main Section",
      "location": "South Greenhouse",
      "plan": "herbs-general",
      "schedule": "schedule-14h",
      "lights": [
        { "id": "light-004", "rack": "R2", "level": "L1", "position": "A" },
        { "id": "light-005", "rack": "R2", "level": "L1", "position": "B" }
      ]
    }
  ]
}