{
  "devices": {
    "light-001": {
      "farm": "Test Farm",
      "room": "Grow Room 2",
      "zone": "",
      "module": "",
      "level": "",
      "side": "",
      "manufacturer": "GROW3",
      "model": "TopLight MH Model-300W-22G12",
      "serial": "22G12-001",
      "watts": 300,
      "spectrumMode": "dynamic",
      "transport": "wifi"
    },
    "light-002": {
      "farm": "Test Farm",
      "room": "Grow Room 2",
      "zone": "",
      "module": "",
      "level": "",
      "side": "",
      "manufacturer": "GROW3",
      "model": "TopLight MH Model-300W-22G12",
      "serial": "22G12-002",
      "watts": 300,
      "spectrumMode": "dynamic",
      "transport": "wifi"
    },
    "light-003": {
      "farm": "Test Farm",
      "room": "Grow Room 2",
      "zone": "",
      "module": "",
      "level": "",
      "side": "",
      "manufacturer": "GROW3",
      "model": "TopLight MH Model-300W-22G12",
      "serial": "22G12-003",
      "watts": 300,
      "spectrumMode": "dynamic",
      "transport": "wifi"
    },
    "light-004": {
      "farm": "Test Farm",
      "room": "Grow Room 2",
      "zone": "",
      "module": "",
      "level": "",
      "side": "",
      "manufacturer": "GROW3",
      "model": "TopLight MH Model-300W-22G12",
      "serial": "22G12-004",
      "watts": 300,
      "spectrumMode": "dynamic",
      "transport": "wifi"
    },
    "light-005": {
      "farm": "Test Farm",
      "room": "Grow Room 2",
      "zone": "",
      "module": "",
      "level": "",
      "side": "",
      "manufacturer": "GROW3",
      "model": "TopLight MH Model-300W-22G12",
      "serial": "22G12-005",
      "watts": 300,
      "spectrumMode": "dynamic",
      "transport": "wifi"
    }
  }
}