{
  "zones": [
    {
      "id": "zone-north",
      "name": "North Greenhouse",
      "location": "North Greenhouse",
      "sensors": {
        "tempC": { "current": 24.2, "setpoint": { "min": 22, "max": 26 }, "history": [24.2, 24.1, 24.3, 24.0, 23.9] },
        "rh": { "current": 65.8, "setpoint": { "min": 60, "max": 70 }, "history": [65.8, 66.2, 65.5, 65.9, 66.1] },
        "vpd": { "current": 1.12, "setpoint": { "min": 0.8, "max": 1.4 }, "history": [1.12, 1.15, 1.08, 1.13, 1.16] },
        "co2": { "current": 850, "setpoint": { "min": 800, "max": 1200 }, "history": [850, 845, 855, 860, 848] }
      }
    },
    {
      "id": "zone-south",
      "name": "South Greenhouse",
      "location": "South Greenhouse",
      "sensors": {
        "tempC": { "current": 23.8, "setpoint": { "min": 22, "max": 26 }, "history": [23.8, 23.7, 23.9, 23.6, 23.8] },
        "rh": { "current": 68.2, "setpoint": { "min": 60, "max": 70 }, "history": [68.2, 68.5, 67.9, 68.1, 68.3] },
        "vpd": { "current": 1.08, "setpoint": { "min": 0.8, "max": 1.4 }, "history": [1.08, 1.05, 1.11, 1.09, 1.07] },
        "co2": { "current": 875, "setpoint": { "min": 800, "max": 1200 }, "history": [875, 880, 870, 865, 872] }
      }
    }
  ]
}